{"cameraMode":{"drawMode":0,"name":"Shaded","section":"Shading Mode"},"sceneLighting":true,"audioPlay":false,"sceneViewState":{"showFog":true,"showMaterialUpdate":false,"showSkybox":true,"showFlares":true,"showImageEffects":true,"showParticleSystems":true},"in2DMode":false,"pivot":{"x":0.0012940168380737305,"y":80.06774139404297,"z":-20.150808334350587},"rotation":{"x":0.3542521893978119,"y":-0.20244307816028596,"z":0.07884015142917633,"w":0.9095638990402222},"size":7.488224029541016,"orthographic":true}